Unexpected rain will bless your day ğŸŒ§ï¸!,2025-04-29T09:57:53+09:00
Great news will come in your email ğŸ“§!,2025-04-29T09:57:59+09:00
A pigeon is plotting against you ğŸ¦!,2025-04-29T09:58:01+09:00
Unexpected rain will bless your day ğŸŒ§ï¸!,2025-04-29T09:58:03+09:00
You will find a secret passage in your city ğŸ›¤ï¸!,2025-04-29T09:58:05+09:00
You will find a secret passage in your city ğŸ›¤ï¸!,2025-04-29T09:58:17+09:00
A bird will deliver an important message ğŸ¦…!,2025-04-29T09:58:24+09:00
Great news will come in your email ğŸ“§!,2025-04-29T09:58:25+09:00
Beware of tacos ğŸŒ® today!,2025-04-29T09:58:27+09:00
Unexpected rain will bless your day ğŸŒ§ï¸!,2025-04-29T09:58:32+09:00
You will receive a mysterious gift ğŸ!,2025-04-29T10:03:26+09:00
You will discover a hidden talent: Mind Reader ğŸ¨!,2025-04-29T10:03:29+09:00
A pigeon is plotting against you ğŸ¦!,2025-04-29T10:03:31+09:00
Beware of tacos ğŸŒ® today!,2025-04-29T10:03:32+09:00
Be cautious of mysterious elevators ğŸ›—!,2025-04-29T10:04:01+09:00
Your favorite food will betray you ğŸ•!,2025-04-29T10:04:03+09:00
You will find money on the ground: 76590885802 yen ğŸ’µ!,2025-04-29T10:04:04+09:00
Beware of tacos ğŸŒ® today!,2025-04-29T10:04:05+09:00
You will receive a mysterious gift ğŸ!,2025-04-29T10:11:54+09:00
Great news will come in your email ğŸ“§!,2025-04-29T10:12:03+09:00
You will meet a talking cat ğŸˆâ€â¬›!,2025-04-29T10:12:04+09:00
You will find money on the ground: 96222512795 yen ğŸ’µ!,2025-04-29T10:12:06+09:00
A pigeon is plotting against you ğŸ¦!,2025-04-29T10:12:13+09:00
You will become a millionaire by 2035 ğŸš€!,2025-04-29T10:12:15+09:00
You will find money on the ground: 87561270052 yen ğŸ’µ!,2025-04-29T10:20:21+09:00
You will wake up with super strength ğŸ’ª!,2025-04-29T10:20:24+09:00
Your code will compile perfectly on the first try ğŸ§‘â€ğŸ’»!,2025-04-29T10:20:26+09:00
Your singing voice will charm someone ğŸ¤!,2025-04-29T10:20:28+09:00
A pigeon is plotting against you ğŸ¦!,2025-04-29T10:20:30+09:00
An unexpected journey awaits you âœˆï¸!,2025-04-29T10:20:31+09:00
Be cautious of mysterious elevators ğŸ›—!,2025-04-29T10:23:39+09:00
A pigeon is plotting against you ğŸ¦!,2025-04-29T10:23:42+09:00
Your code will compile perfectly on the first try ğŸ§‘â€ğŸ’»!,2025-04-29T10:23:45+09:00
Your favorite food will betray you ğŸ•!,2025-04-29T10:23:47+09:00
You will meet a talking cat ğŸˆâ€â¬›!,2025-04-29T10:24:11+09:00
You will become invisible for 5 minutes ğŸ«¥!,2025-04-29T10:24:12+09:00
Your favorite food will betray you ğŸ•!,2025-04-29T10:24:23+09:00
You will find money on the ground: 46617762340 yen ğŸ’µ!,2025-04-29T10:24:26+09:00
You will wake up with super strength ğŸ’ª!,2025-04-29T10:24:29+09:00
You will discover a hidden talent: Memory Reader ğŸ¨!,2025-04-29T10:24:32+09:00
Your singing voice will charm someone ğŸ¤!,2025-04-29T10:24:35+09:00
Someone will compliment your hair soon ğŸ’‡â€â™‚ï¸!,2025-04-29T10:24:37+09:00
You will receive a mysterious gift ğŸ!,2025-04-29T10:24:42+09:00
A pigeon is plotting against you ğŸ¦!,2025-04-29T10:24:44+09:00
You will find a secret passage in your city ğŸ›¤ï¸!,2025-04-29T10:24:46+09:00
Beware of sneaky cats ğŸ±!,2025-04-29T10:24:48+09:00
Unexpected rain will bless your day ğŸŒ§ï¸!,2025-04-29T10:24:51+09:00
Be cautious of mysterious elevators ğŸ›—!,2025-04-29T10:25:16+09:00
Beware of sneaky cats ğŸ±!,2025-04-29T10:25:18+09:00
You will become invisible for 5 minutes ğŸ«¥!,2025-04-29T10:25:22+09:00
Your favorite food will betray you ğŸ•!,2025-04-29T10:25:23+09:00
An unexpected journey awaits you âœˆï¸!,2025-04-29T10:25:27+09:00
You will become invisible for 5 minutes ğŸ«¥!,2025-04-29T10:25:29+09:00
You will find a secret passage in your city ğŸ›¤ï¸!,2025-04-29T10:25:31+09:00
You will meet a talking cat ğŸˆâ€â¬›!,2025-04-29T10:25:33+09:00
Unexpected rain will bless your day ğŸŒ§ï¸!,2025-04-29T10:25:34+09:00
Beware of tacos ğŸŒ® today!,2025-04-29T10:28:23+09:00
Your favorite food will betray you ğŸ•!,2025-04-29T10:28:26+09:00
You will meet a talking cat ğŸˆâ€â¬›!,2025-04-29T10:28:27+09:00
You will find money on the ground: 26648760313 yen ğŸ’µ!,2025-04-29T10:28:29+09:00
You will wake up with super strength ğŸ’ª!,2025-04-29T10:28:33+09:00
Unexpected rain will bless your day ğŸŒ§ï¸!,2025-04-29T10:28:34+09:00
You will find money on the ground: 30348567199 yen ğŸ’µ!,2025-04-29T10:28:36+09:00
Be cautious of mysterious elevators ğŸ›—!,2025-04-29T10:28:37+09:00
Your singing voice will charm someone ğŸ¤!,2025-04-29T10:28:39+09:00
Your favorite food will betray you ğŸ•!,2025-04-29T10:32:39+09:00
You will find money on the ground: 63482016476 yen ğŸ’µ!,2025-04-29T10:32:42+09:00
A pigeon is plotting against you ğŸ¦!,2025-04-29T10:32:44+09:00
Your favorite food will betray you ğŸ•!,2025-04-29T10:32:47+09:00
You will meet a talking cat ğŸˆâ€â¬›!,2025-04-29T10:32:50+09:00
You will become a millionaire by 2042 ğŸš€!,2025-04-29T10:32:51+09:00
A bird will deliver an important message ğŸ¦…!,2025-04-29T10:32:53+09:00
A pigeon is plotting against you ğŸ¦!,2025-04-29T10:32:55+09:00
An unexpected journey awaits you âœˆï¸!,2025-04-29T10:32:57+09:00
Be cautious of mysterious elevators ğŸ›—!,2025-04-29T10:32:58+09:00
Unexpected rain will bless your day ğŸŒ§ï¸!,2025-04-29T10:33:00+09:00
You will wake up with super strength ğŸ’ª!,2025-04-29T10:33:01+09:00
You will wake up with super strength ğŸ’ª!,2025-04-29T10:33:05+09:00
Your singing voice will charm someone ğŸ¤!,2025-04-29T10:33:06+09:00
You will become invisible for 5 minutes ğŸ«¥!,2025-04-29T10:33:08+09:00
You will discover a hidden talent: Master Chef ğŸ¨!,2025-04-29T10:33:09+09:00
